"EA-Type";"EA-Package";"EA-Name";"EA-Parent";"EA-Domain";"EA-Range";"label-nl";"ap-definition-nl";"ap-usageNote-nl";"ap-codelist";"external term";"namespace";"localname";"type";"domain";"range";"parent";"min card";"max card"
"Package";;"OSLO-Organisatie";;;;;;;;;"http://data.vlaanderen.be/ns/";"organisati";"http://www.w3.org/2002/07/owl#Ontology";;;;;
"ENUMERATION";"OSLO-Organisatie";"OrganisatieSoort";"    ";"TODO";"TODO";"TODO";"TODO";"http://data.vlaanderen.be/ns/organisatie#";"http://inspire.eu/something/something";"http://data.vlaanderen.be/ns/";"OrganisatieSoort";"http://www.w3.org/2000/01/rdf-schema#Class";;;;;;
"CLASS";"OSLO-Organisatie";"Hoedanigheid";"com.github.informatievlaanderen.oslo_ea_to_rdf.ea.impl.MemoryEAElement@5e4fa1da, com.github.informatievlaanderen.oslo_ea_to_rdf.ea.impl.MemoryEAElement@78e89bfe";;;"Hoedanigheid";"Agent met een Functie.";"Laat een Functie toe om te handelen, bv ihkv een Dienstverlening (bv diversiteitsplan wordt opgemaakt door diversieteitsambtenaar).";;"false";"http://data.vlaanderen.be/ns/";"organisatieHoedanigheid";"http://www.w3.org/2000/01/rdf-schema#Class";;;"https://www.w3.org/ns/org#Post, http://purl.org/dc/terms/Agent";;
"CLASS";"OSLO-Organisatie";"Functie";;;;"Functie";"Positie binnen een Organisatie, kan bestaan los vd persoon of personen die ze invult.";"Laat ook toe om ambsthalve posities weer te geven. Zo is een minister automatisch lid vd regering, ongeacht door welke persoon deze Functie wordt uitgeoefend.";;"true";"https://www.w3.org/ns/org#";"Post";"http://www.w3.org/2000/01/rdf-schema#Class";;;;;
"DATATYPE";"OSLO-Generiek";"ContactInfo";;;;"TODO";"TODO";;;"true";"https://schema.org/";"ContactPoint";"http://www.w3.org/2000/01/rdf-schema#Class";;;;;
"CLASS";"OSLO-Generiek";"FormeelKader";;;;"TODO";"TODO";;;"true";"http://purl.org/vocab/cpsv#";"FormalFramework";"http://www.w3.org/2000/01/rdf-schema#Class";;;;;
"CLASS";"OSLO-Organisatie";"Stopzetting";"com.github.informatievlaanderen.oslo_ea_to_rdf.ea.impl.MemoryEAElement@6be25526";;;"Stopzetting";"Gebeurtenis waarbij de Organisatie is stopgezet.";;;"false";"http://data.vlaanderen.be/ns/";"organisatieStopzetting";"http://www.w3.org/2000/01/rdf-schema#Class";;;"https://www.w3.org/ns/org#ChangeEvent";;
"CLASS";"OSLO-Organisatie";"Oprichting";"com.github.informatievlaanderen.oslo_ea_to_rdf.ea.impl.MemoryEAElement@6be25526";;;"Oprichting";"Gebeurtenis waarbij een Organisatie is opgericht.";;;"true";"http://data.europa.eu/m8g/";"FoundationEvent";"http://www.w3.org/2000/01/rdf-schema#Class";;;"https://www.w3.org/ns/org#ChangeEvent";;
"CLASS";"OSLO-Organisatie";"PubliekeOrganisatie";"com.github.informatievlaanderen.oslo_ea_to_rdf.ea.impl.MemoryEAElement@7ac9af2a";;;"Publieke Organisatie";"Een Organisatie die volgens een wettelijk kader behoort tot de publieke sector, ongeacht het bestuursniveau waarop dat kader van kracht is.";"NOTE";;"true";"http://data.europa.eu/m8g/";"PublicOrganisation";"http://www.w3.org/2000/01/rdf-schema#Class";;;"https://www.w3.org/ns/org#Organization";;
"CLASS";"OSLO-Organisatie";"GeregistreerdeOrganisatie";"com.github.informatievlaanderen.oslo_ea_to_rdf.ea.impl.MemoryEAElement@70e02081";;;"Geregistreerde Organisatie";"Organisatie met een juridisch statuut vastgelegd door registratie. Vergelijk met Formele Organisatie waarbij dit statuut ook op een andere manier verkregen kan zijn.";"In België moeten oa volgende organisaties zich registreren: vennootschap (nv, bvba etc), eenmanszaak, overheidsorgaan, stichting Bij registratie krijgt de organisatie een ondernemingsnummer en worden zijn gegevens ingevoerd in de KBO.";;"true";"http://www.w3.org/ns/regorg#";"RegisteredOrganization";"http://www.w3.org/2000/01/rdf-schema#Class";;;"https://www.w3.org/ns/org#FormalOrganization";;
"CLASS";"OSLO-Organisatie";"Samenwerkingsverband";"com.github.informatievlaanderen.oslo_ea_to_rdf.ea.impl.MemoryEAElement@7ac9af2a";;;"Samenwerkingsverband";"Samenwerking tussen twee of meer Organisaties bv ihkv een project.";"Is normaal gezien geen Formele Organisatie en ook geen Organisatie-eenheid. Heeft doorgaans een kortere levensduur dan de Organisaties in het verband. Alternatieve benamingen: project, consortium.";;"true";"https://www.w3.org/ns/org#";"OrganizationalCollaboration";"http://www.w3.org/2000/01/rdf-schema#Class";;;"https://www.w3.org/ns/org#Organization";;
"CLASS";"OSLO-Organisatie";"VeranderingsMoment";;;;"Veranderingsmoment";"Gebeurtenis waardoor een Organisatie een belangrijke wijziging ondergaat zoals een fusie of een herstructurering.";"Is bedoeld voor situaties waarbij de de resulterende Organisatie zodanig verschilt van de oorspronkelijke dat ze beschouwd kan worden als een nieuwe Organisatie.";;"true";"https://www.w3.org/ns/org#";"ChangeEvent";"http://www.w3.org/2000/01/rdf-schema#Class";;;;;
"CLASS";"OSLO-Persoon";"Persoon";"com.github.informatievlaanderen.oslo_ea_to_rdf.ea.impl.MemoryEAElement@78e89bfe";;;"TODO";"TODO";;;"true";"http://data.vlaanderen.be/ns/persoon#";"Persoon";"http://www.w3.org/2000/01/rdf-schema#Class";;;"http://purl.org/dc/terms/Agent";;
"CLASS";"OSLO-Adres";"Adres";;;;"Adres";"TODO";;;"true";"http://data.vlaanderen.be/ns/adres#";"Adres";"http://www.w3.org/2000/01/rdf-schema#Class";;;;;
"CLASS";"OSLO-Adres";"AdresseerbaarObject";;;;"AdresseerbaarObject";"TODO";;;"true";"http://data.vlaanderen.be/ns/adres#";"AdresseerbaarObject";"http://www.w3.org/2000/01/rdf-schema#Class";;;;;
"CLASS";"OSLO-Organisatie";"Vestiging";;;;"Vestiging";"Een kantoor of ander pand waar een Organisatie gevestigd is. Organisaties kunnen over meerdere vestigingen verspreid zijn en vestigingen kunnen op meerdere locaties slaan.";"Meestal zal de Vestiging een fysieke locatie zijn. Niet-fysieke locaties worden echter niet uitgesloten, bv een virtueel kantoor met bijbehorend postnummer en telefonische receptie.";;"true";"https://www.w3.org/ns/org#";"Site";"http://www.w3.org/2000/01/rdf-schema#Class";;;;;
"CLASS";"OSLO-Organisatie";"Lidmaatschap";;;;"Lidmaatschap";"Geeft de kenmerken weer vh lidmaatschap van een Agent van een Organisatie.";;;"true";"https://www.w3.org/ns/org#";"Membership";"http://www.w3.org/2000/01/rdf-schema#Class";;;;;
"CLASS";"OSLO-Generiek";"Agent";;;;"TODO";"TODO";;;"true";"http://purl.org/dc/terms/";"Agent";"http://www.w3.org/2000/01/rdf-schema#Class";;;;;
"CLASS";"OSLO-Organisatie";"FormeleOrganisatie";"com.github.informatievlaanderen.oslo_ea_to_rdf.ea.impl.MemoryEAElement@7ac9af2a";;;"Formele Organisatie";"Een erkende Organisatie, erkend in brede zin of  meer specifiek in juridische zin met bijbehorende rechten en plichten.";"Bvb een bedrijf, een vzw, een overheidsorgaan, een kerkgemeenschap.";;"true";"https://www.w3.org/ns/org#";"FormalOrganization";"http://www.w3.org/2000/01/rdf-schema#Class";;;"https://www.w3.org/ns/org#Organization";;
"CLASS";"OSLO-Organisatie";"OrganisatieEenheid";"com.github.informatievlaanderen.oslo_ea_to_rdf.ea.impl.MemoryEAElement@7ac9af2a";;;"Organisatie-eenheid";"Een Organisatie zoals een afdeling of dienst die deel uitmaakt van de grotere Organisatie en zijn bestaansreden daaraan ontleent. Heeft geen juridische status op zich.";"Organisatie-eenheden kunnen groot en complex zijn en bestaan uit andere Organisatie-eenheden.";;"true";"https://www.w3.org/ns/org#";"OrganizationalUnit";"http://www.w3.org/2000/01/rdf-schema#Class";;;"https://www.w3.org/ns/org#Organization";;
"CLASS";"OSLO-Organisatie";"Organisatie";"com.github.informatievlaanderen.oslo_ea_to_rdf.ea.impl.MemoryEAElement@78e89bfe";;;"Organisatie";"Een aantal mensen georganiseerd in een gemeenschap of andere sociale, commerciële of politieke structuur. De groep heeft een gemeenschappelijk doel of bestaanreden die de individuele leden ervan overstijgt en kan handelen als Agent. Een organisatie heeft dikwijls een hiërarchische structuur.";;;"true";"https://www.w3.org/ns/org#";"Organization";"http://www.w3.org/2000/01/rdf-schema#Class";;;"http://purl.org/dc/terms/Agent";;
"connector";;"isSuborganisatieVan";;"Organisatie";"Organisatie";"Is Suborganisatie Van";"Verwijst naar de Organisatie die deze Organisatie omvat.";"Wordt gebruikt om een hiërarchie van organisaties te documenteren.";;"true";"https://www.w3.org/ns/org#";"subOrganizationOf";"http://www.w3.org/2002/07/owl#ObjectProperty";"https://www.w3.org/ns/org#Organization";"https://www.w3.org/ns/org#Organization";;0;"*"
"connector";;"heeft";;"Organisatie";"Functie";"Heeft";"Verwijst naar een Functie binnen de organisatie.";;;"true";"https://www.w3.org/ns/org#";"hasPost";"http://www.w3.org/2002/07/owl#ObjectProperty";"https://www.w3.org/ns/org#Organization";"https://www.w3.org/ns/org#Post";;0;"*"
"connector";;"isGeassocieerdMet";;"Organisatie";"Organisatie";"Is Geassocieerd Met";"Niet nader bepaalde relatie met een andere Organisatie.";"Bv om subsidiëring of bevooradingsketens te documenteren. Dient in dat geval verder gespecialiseerd te worden.";;"true";"https://www.w3.org/ns/org#";"linkedTo";"http://www.w3.org/2002/07/owl#ObjectProperty";"https://www.w3.org/ns/org#Organization";"https://www.w3.org/ns/org#Organization";;;
"connector";;"isVeranderdDoor";;"Organisatie";"VeranderingsMoment";"Is Veranderd Door";"Verwijst naar het Veranderingsmoment dat deze Organisatie heeft veranderd.";"NOTE";;"true";"https://www.w3.org/ns/org#";"changedBy";"http://www.w3.org/2002/07/owl#ObjectProperty";"https://www.w3.org/ns/org#Organization";"https://www.w3.org/ns/org#ChangeEvent";;0;1
"connector";;"heeftVestiging";;"Organisatie";"Vestiging";"Heeft Vestiging";"Verwijst naar een plek waar de Organisatie op een of andere manier, desnoods indirect, aanwezig is.";"Indirect bvb een virtueel kantoor waarvan de locatie niet rechtstreeks achterhaald kan worden (bv postbus). In België mogen in de KBO geregistreerde organisaties enkel fysieke locaties als vestiging registreren.";;"true";"https://www.w3.org/ns/org#";"hasSite";"http://www.w3.org/2002/07/owl#ObjectProperty";"https://www.w3.org/ns/org#Organization";"https://www.w3.org/ns/org#Site";;0;"*"
"connector";;"isHetResultaatVan";;"Organisatie";"VeranderingsMoment";"Is Het Resultaat Van";"Verwijst naar het Veranderingsmoment dat tot de huidige Organisatie heeft geleid.";"NOTE";;"true";"https://www.w3.org/ns/org#";"resultedFrom";"http://www.w3.org/2002/07/owl#ObjectProperty";"https://www.w3.org/ns/org#Organization";"https://www.w3.org/ns/org#ChangeEvent";;0;1
"connector";;"heeftEenheid";;"Organisatie";"OrganisatieEenheid";"Heeft Eenheid";"Verwijst naar een Organisatie-eenheid die deel uitmaakt van de Organisatie, bv een afdeling.";;;"true";"https://www.w3.org/ns/org#";"hasUnit";"http://www.w3.org/2002/07/owl#ObjectProperty";"https://www.w3.org/ns/org#Organization";"https://www.w3.org/ns/org#OrganizationalUnit";;0;"*"
"connector";;"IsToegekendAan";;"Adres";"AdresseerbaarObject";"is toegekend aan";"TODO";;;"true";"http://data.vlaanderen.be/ns/adres#";"IsToegekendAan";"http://www.w3.org/2002/07/owl#ObjectProperty";"http://data.vlaanderen.be/ns/adres#Adres";"http://data.vlaanderen.be/ns/adres#AdresseerbaarObject";;;
"connector";;"heeftPrimaireVestiging";;"Organisatie";"Vestiging";"Heeft Primaire Vestiging";"Verwijst naar de belangrijkste Vestiging van de organisatie, niet noodzakelijk het formele hoofdkwartier maar wel de Vestiging waarop de Organisatie standaard kan worden gecontacteerd.";;;"true";"https://www.w3.org/ns/org#";"hasPrimarySite";"http://www.w3.org/2002/07/owl#ObjectProperty";"https://www.w3.org/ns/org#Organization";"https://www.w3.org/ns/org#Site";;0;"*"
"connector";;"isFunctieBij";;"Functie";"Organisatie";"Is Functie Bij";"Organisatie waar de Functie bestaat.";;;"true";"https://www.w3.org/ns/org#";"postIn";"http://www.w3.org/2002/07/owl#ObjectProperty";"https://www.w3.org/ns/org#Post";"https://www.w3.org/ns/org#Organization";;0;"*"
"connector";;"heeftGeregistreerdeVestiging";;"Organisatie";"Vestiging";"Heeft Geregistreerde Vestiging";"Verwijst naar de wettelijk geregistreerde Vestiging van de Organisatie. Is voor een Formele Organisatie doorgaans verplicht.";"In België verplicht voor een Geregestreerde Organisatie en geregistreerd in de KBO.";;"true";"https://www.w3.org/ns/org#";"hasRegisteredSite";"http://www.w3.org/2002/07/owl#ObjectProperty";"https://www.w3.org/ns/org#Organization";"https://www.w3.org/ns/org#Site";;0;"*"
"connector";;"rapporteertAaan";;"Functie";"Functie";"Rapporteert Aan";"Verwijst naar de Functie waaraan de Functie verantwoording aflegt.";"Gecombineerd met Agent-rapporteertAan-Agent kan het organogram vd Organisatie gedocumenteerd worden. ";;"true";"https://www.w3.org/ns/org#";"reportsTo";"http://www.w3.org/2002/07/owl#ObjectProperty";"https://www.w3.org/ns/org#Post";"https://www.w3.org/ns/org#Post";;0;"*"
"connector";;"isLidVan";;"Lidmaatschap";"Organisatie";"TODO";"TODO";;;"false";"http://data.vlaanderen.be/ns/";"organisatieisLidVan";"http://www.w3.org/2002/07/owl#ObjectProperty";"https://www.w3.org/ns/org#Membership";"https://www.w3.org/ns/org#Organization";;0;"*"
"connector";;"rapporteertAan";;"Agent";"Agent";"Rapporteert Aan";"Verwijst naar de Agent waaraan de Agent verantwoording aflegt.";"Gecombineerd met Functie-rapporteertAan-Functie kan het organogram vd Organisatie gedocumenteerd worden. ";;"true";"https://www.w3.org/ns/org#";"reportsTo";"http://www.w3.org/2002/07/owl#ObjectProperty";"http://purl.org/dc/terms/Agent";"http://purl.org/dc/terms/Agent";;0;"*"
"connector";;"opeenvolging";;"PubliekeOrganisatie";"PubliekeOrganisatie";"Opeenvolging";"Verwijst naar een andere Publieke Organisatie die de Publieke Organisatie is opgevolgd.";;;"true";"http://www.w3.org/1999/xhtml/vocab#";"nex";"http://www.w3.org/2002/07/owl#ObjectProperty";"http://data.europa.eu/m8g/PublicOrganisation";"http://data.europa.eu/m8g/PublicOrganisation";;0;"*"
"attribute";"OSLO-Organisatie";"rol";;"Functie";"Rol";"Rol";"Geeft de aard weer vd Functie.";;;"true";"https://www.w3.org/ns/org#";"role";"http://www.w3.org/2002/07/owl#ObjectProperty";"https://www.w3.org/ns/org#Post";"https://www.w3.org/TR/vocab-org/#org:Role";;1;1
"attribute";"OSLO-Generiek";"aanschrijfvorm";;"ContactInfo";;"TODO";"TODO";;;"true";"http://fixme.com#";"aanschrijfvorm";"http://www.w3.org/1999/02/22-rdf-syntax-ns#Property";"https://schema.org/ContactPoint";;;1;1
"attribute";"OSLO-Generiek";"adres";;"ContactInfo";"AdresVoorstelling";"TODO";"TODO";;;"true";"http://fixme.com#";"adres";"http://www.w3.org/2002/07/owl#ObjectProperty";"https://schema.org/ContactPoint";"http://www.w3.org/ns/locn#Address";;1;1
"attribute";"OSLO-Generiek";"beschikbaarheid";;"ContactInfo";;"TODO";"TODO";;;"true";"http://fixme.com#";"beschikbaarheid";"http://www.w3.org/1999/02/22-rdf-syntax-ns#Property";"https://schema.org/ContactPoint";;;1;1
"attribute";"OSLO-Generiek";"email";;"ContactInfo";;"TODO";"TODO";;;"true";"https://schema.org/";"email";"http://www.w3.org/1999/02/22-rdf-syntax-ns#Property";"https://schema.org/ContactPoint";;;1;1
"attribute";"OSLO-Generiek";"fax";;"ContactInfo";;"TODO";"TODO";;;"true";"https://schema.org/";"faxNumber";"http://www.w3.org/1999/02/22-rdf-syntax-ns#Property";"https://schema.org/ContactPoint";;;1;1
"attribute";"OSLO-Generiek";"mobielNummer";;"ContactInfo";;"TODO";"TODO";;;"true";"http://fixme.com#";"mobielNummer";"http://www.w3.org/1999/02/22-rdf-syntax-ns#Property";"https://schema.org/ContactPoint";;;1;1
"attribute";"OSLO-Generiek";"openingsuren";;"ContactInfo";;"TODO";"TODO";;;"true";"https://schema.org/";"hoursAvailable";"http://www.w3.org/1999/02/22-rdf-syntax-ns#Property";"https://schema.org/ContactPoint";;;1;1
"attribute";"OSLO-Generiek";"roepnaam";;"ContactInfo";;"TODO";"TODO";;;"true";"http://fixme.com#";"roepnaam";"http://www.w3.org/1999/02/22-rdf-syntax-ns#Property";"https://schema.org/ContactPoint";;;1;1
"attribute";"OSLO-Generiek";"social";;"ContactInfo";;"TODO";"TODO";;;"true";"http://fixme.com#";"social";"http://www.w3.org/1999/02/22-rdf-syntax-ns#Property";"https://schema.org/ContactPoint";;;1;1
"attribute";"OSLO-Generiek";"telefoon";;"ContactInfo";;"TODO";"TODO";;;"true";"https://schema.org/";"telephone";"http://www.w3.org/1999/02/22-rdf-syntax-ns#Property";"https://schema.org/ContactPoint";;;1;1
"attribute";"OSLO-Generiek";"website";;"ContactInfo";;"TODO";"TODO";;;"true";"http://fixme.com#";"website";"http://www.w3.org/1999/02/22-rdf-syntax-ns#Property";"https://schema.org/ContactPoint";;;1;1
"attribute";"OSLO-Generiek";"beschrijving";;"FormeelKader";;"TODO";"TODO";;;"true";"http://purl.org/dc/terms/";"description";"http://www.w3.org/1999/02/22-rdf-syntax-ns#Property";"http://purl.org/vocab/cpsv#FormalFramework";;;0;1
"attribute";"OSLO-Generiek";"naam";;"FormeelKader";;"TODO";"TODO";;;"true";"http://purl.org/dc/terms/";"title";"http://www.w3.org/1999/02/22-rdf-syntax-ns#Property";"http://purl.org/vocab/cpsv#FormalFramework";;;1;1
"attribute";"OSLO-Generiek";"onderwerp";;"FormeelKader";"Eurovoc";"TODO";"TODO";;;"true";"http://data.europa.eu/m8g/";"subject";"http://www.w3.org/2002/07/owl#ObjectProperty";"http://purl.org/vocab/cpsv#FormalFramework";"http://fixme.com#Eurovoc";;0;"*"
"attribute";"OSLO-Generiek";"status";;"FormeelKader";"ELI_status";"TODO";"TODO";;;"true";"http://www.w3.org/ns/adms#";"status";"http://www.w3.org/2002/07/owl#ObjectProperty";"http://purl.org/vocab/cpsv#FormalFramework";"http://fixme.com#ELI_status";;0;1
"attribute";"OSLO-Generiek";"taal";;"FormeelKader";"NAL_language";"TODO";"TODO";;;"true";"http://data.europa.eu/eli/ontology#";"language";"http://www.w3.org/2002/07/owl#ObjectProperty";"http://purl.org/vocab/cpsv#FormalFramework";"http://fixme.com#NAL_language";;0;"*"
"attribute";"OSLO-Generiek";"toepassingsgebied";;"FormeelKader";"NUTS";"TODO";"TODO";;;"true";"http://data.europa.eu/m8g/";"territorialApplication";"http://www.w3.org/2002/07/owl#ObjectProperty";"http://purl.org/vocab/cpsv#FormalFramework";"http://fixme.com#NUTS";;0;"*"
"attribute";"OSLO-Generiek";"type";;"FormeelKader";"NAL_resource";"TODO";"TODO";;;"true";"http://purl.org/dc/terms/";"type";"http://www.w3.org/2002/07/owl#ObjectProperty";"http://purl.org/vocab/cpsv#FormalFramework";"http://fixme.com#NAL_resource";;0;"*"
"attribute";"OSLO-Organisatie";"DatumStopzetting";;"Stopzetting";;"Datum Stopzetting";"Datum waarop de Organisatie is stopgezet.";;;"false";"http://data.vlaanderen.be/ns/";"organisatieDatumStopzetting";"http://www.w3.org/1999/02/22-rdf-syntax-ns#Property";"http://data.vlaanderen.be/ns/organisatieStopzetting";;;0;1
"attribute";"OSLO-Organisatie";"RedenStopzetting";;"Stopzetting";"StopzettingType";"Reden Stopzetting";"Reden waarom de Organisatie is stopgezet.";;;"false";"http://data.vlaanderen.be/ns/";"organisatieRedenStopzetting";"http://www.w3.org/2002/07/owl#ObjectProperty";"http://data.vlaanderen.be/ns/organisatieStopzetting";"http://www.w3.org/2004/02/skos/core#Concept";;0;1
"attribute";"OSLO-Organisatie";"OIprichtingsDatum";;"Oprichting";;"Oprichtingsdatum";"Datum waarop de Organisatie is opgericht.";;;"false";"http://data.vlaanderen.be/ns/";"organisatieOIprichtingsDatum";"http://www.w3.org/1999/02/22-rdf-syntax-ns#Property";"http://data.europa.eu/m8g/FoundationEvent";;;0;1
"attribute";"OSLO-Organisatie";"beschrijving";;"PubliekeOrganisatie";"String";"Beschrijving";"Beschrijving van de Publieke Organisatie.";;;"true";"http://purl.org/dc/terms/";"description";"http://www.w3.org/2002/07/owl#DatatypeProperty";"http://data.europa.eu/m8g/PublicOrganisation";"http://www.w3.org/2001/XMLSchema#string";;1;1
"attribute";"OSLO-Organisatie";"homepage";;"PubliekeOrganisatie";"String";"Homepage";"Adres vd homepage van de website vd Publieke Organisatie.";;;"true";"http://xmlns.com/foaf/0.1/";"homepage";"http://www.w3.org/2002/07/owl#DatatypeProperty";"http://data.europa.eu/m8g/PublicOrganisation";"http://www.w3.org/2001/XMLSchema#string";;0;1
"attribute";"OSLO-Organisatie";"logo";;"PubliekeOrganisatie";;"Logo";"Verwijzing naar het logo vd Publieke Organisatie.";;;"true";"http://schema.org/";"logo";"http://www.w3.org/1999/02/22-rdf-syntax-ns#Property";"http://data.europa.eu/m8g/PublicOrganisation";;;0;1
"attribute";"OSLO-Organisatie";"werkingsgebied";;"PubliekeOrganisatie";"ATU";"Werkingsgebied";"Administratief gebied dat de Publieke Organisatie dekt.";;;"true";"http://purl.org/dc/terms/";"spatial";"http://www.w3.org/2002/07/owl#ObjectProperty";"http://data.europa.eu/m8g/PublicOrganisation";"http://fixme.com#ATU";;0;"*"
"attribute";"OSLO-Organisatie";"hoedanigheid";;"GeregistreerdeOrganisatie";;"TODO";"TODO";;;"false";"http://data.vlaanderen.be/ns/";"organisatiehoedanigheid";"http://www.w3.org/1999/02/22-rdf-syntax-ns#Property";"http://www.w3.org/ns/regorg#RegisteredOrganization";;;0;1
"attribute";"OSLO-Organisatie";"organisatieActiviteit";;"GeregistreerdeOrganisatie";"OrganisatieActiviteit";"Organisatieactiviteit";"Type activiteit die door de Geregistreerde Activiteit wordt uitgeoefend.";;;"true";"http://www.w3.org/ns/regorg#";"orgActivity";"http://www.w3.org/2002/07/owl#ObjectProperty";"http://www.w3.org/ns/regorg#RegisteredOrganization";"http://data.vlaanderen.be/ns/organisatieOrganisatieActiviteit";;0;1
"attribute";"OSLO-Organisatie";"organisatieRegistratie";;"GeregistreerdeOrganisatie";"Identificator";"Organisatieregistratie";"Identificator dat de organisatie verkreeg bij registratie.";"In de KBO is dit het ondernemingsnummer.";;"true";"http://www.w3.org/ns/regorg#";"registration";"http://www.w3.org/2002/07/owl#ObjectProperty";"http://www.w3.org/ns/regorg#RegisteredOrganization";"http://fixme.com#Identificator";;1;1
"attribute";"OSLO-Organisatie";"organisatieSoort";;"GeregistreerdeOrganisatie";"OrganisatieSoort";"Organisatiesoort";"Geeft aan of de rechtspersoonlijkheid van de Geregistreerde Organisatie deze is van een natuurlijk persoon of van een rechtspersoon. ";"NOTE";;"false";"http://data.vlaanderen.be/ns/";"organisatieorganisatieSoort";"http://www.w3.org/2002/07/owl#ObjectProperty";"http://www.w3.org/ns/regorg#RegisteredOrganization";"http://www.w3.org/2004/02/skos/core#Concept";;0;1
"attribute";"OSLO-Organisatie";"organisatieStatus";;"GeregistreerdeOrganisatie";"OrganisatieStatus";"Organisatiestatus";"Status van de Geregistreerde Organisatie.";"Stemt in de KBO overeen met rechtstoestand, bvb Normale toestand, Gerechtelijk akkoord, Opening faillissement etc.";;"true";"http://www.w3.org/ns/regorg#";"orgStatus";"http://www.w3.org/2002/07/owl#ObjectProperty";"http://www.w3.org/ns/regorg#RegisteredOrganization";"http://www.w3.org/2004/02/skos/core#Concept";;0;1
"attribute";"OSLO-Organisatie";"organisatieType";;"GeregistreerdeOrganisatie";"OrganisatieType";"Organisatietype";"Juridisch statuut van de Geregistreerde Organisatie.";"Stemt in de KBO overeen met rechtsvorm, bvb NV, VZW, Stad/Gemeente, OCMW etc.";;"true";"http://www.w3.org/ns/regorg#";"orgType";"http://www.w3.org/2002/07/owl#ObjectProperty";"http://www.w3.org/ns/regorg#RegisteredOrganization";"http://www.w3.org/2004/02/skos/core#Concept";;0;1
"attribute";"OSLO-Organisatie";"wettelijkeNaam";;"GeregistreerdeOrganisatie";"String";"Wettelijke Naam";"Wettelijk geregistreerde naam vd organisatie.";"Evt in verschillende talen.";;"true";"http://www.w3.org/ns/regorg#";"legalName";"http://www.w3.org/2002/07/owl#DatatypeProperty";"http://www.w3.org/ns/regorg#RegisteredOrganization";"http://www.w3.org/2001/XMLSchema#string";;1;1
"attribute";"OSLO-Persoon";"adellijke titel";;"Persoon";;"TODO";"TODO";;;"true";"http://data.vlaanderen.be/ns/persoon#adellijke ";"titel";"http://www.w3.org/1999/02/22-rdf-syntax-ns#Property";"http://data.vlaanderen.be/ns/persoon#Persoon";;;1;1
"attribute";"OSLO-Persoon";"alternatieveNaam";;"Persoon";;"TODO";"TODO";;;"true";"http://data.vlaanderen.be/ns/persoon#";"alternatieveNaam";"http://www.w3.org/1999/02/22-rdf-syntax-ns#Property";"http://data.vlaanderen.be/ns/persoon#Persoon";;;1;1
"attribute";"OSLO-Persoon";"burgerlijkeStaat";;"Persoon";"BurgerlijkeStaatInfo";"TODO";"TODO";;;"true";"http://data.vlaanderen.be/ns/persoon#";"burgerlijkeStaat";"http://www.w3.org/2002/07/owl#ObjectProperty";"http://data.vlaanderen.be/ns/persoon#Persoon";"http://data.vlaanderen.be/ns/persoon#BurgerlijkeStaatInfo";;1;1
"attribute";"OSLO-Persoon";"datumVanOverlijden";;"Persoon";;"TODO";"TODO";;;"true";"http://data.vlaanderen.be/ns/persoon#";"datumVanOverlijden";"http://www.w3.org/1999/02/22-rdf-syntax-ns#Property";"http://data.vlaanderen.be/ns/persoon#Persoon";;;1;1
"attribute";"OSLO-Persoon";"geboorteDatum";;"Persoon";;"TODO";"TODO";;;"true";"http://data.vlaanderen.be/ns/persoon#";"geboorteDatum";"http://www.w3.org/1999/02/22-rdf-syntax-ns#Property";"http://data.vlaanderen.be/ns/persoon#Persoon";;;1;1
"attribute";"OSLO-Persoon";"geboorteNaam";;"Persoon";;"TODO";"TODO";;;"true";"http://data.vlaanderen.be/ns/persoon#";"geboorteNaam";"http://www.w3.org/1999/02/22-rdf-syntax-ns#Property";"http://data.vlaanderen.be/ns/persoon#Persoon";;;1;1
"attribute";"OSLO-Persoon";"geboorteplaats";;"Persoon";;"TODO";"TODO";;;"true";"http://data.vlaanderen.be/ns/persoon#";"geboorteplaats";"http://www.w3.org/1999/02/22-rdf-syntax-ns#Property";"http://data.vlaanderen.be/ns/persoon#Persoon";;;1;1
"attribute";"OSLO-Persoon";"geslacht";;"Persoon";;"TODO";"TODO";;;"true";"http://data.vlaanderen.be/ns/persoon#";"geslacht";"http://www.w3.org/1999/02/22-rdf-syntax-ns#Property";"http://data.vlaanderen.be/ns/persoon#Persoon";;;1;1
"attribute";"OSLO-Persoon";"identificator";;"Persoon";;"TODO";"TODO";;;"true";"http://data.vlaanderen.be/ns/persoon#";"identificator";"http://www.w3.org/1999/02/22-rdf-syntax-ns#Property";"http://data.vlaanderen.be/ns/persoon#Persoon";;;1;1
"attribute";"OSLO-Persoon";"isTeBereikenOp";;"Persoon";"ContactInfo";"TODO";"TODO";;;"true";"http://data.vlaanderen.be/ns/persoon#";"isTeBereikenOp";"http://www.w3.org/2002/07/owl#ObjectProperty";"http://data.vlaanderen.be/ns/persoon#Persoon";"https://schema.org/ContactPoint";;1;1
"attribute";"OSLO-Persoon";"naam";;"Persoon";;"TODO";"TODO";;;"true";"http://data.vlaanderen.be/ns/persoon#";"naam";"http://www.w3.org/1999/02/22-rdf-syntax-ns#Property";"http://data.vlaanderen.be/ns/persoon#Persoon";;;1;1
"attribute";"OSLO-Persoon";"nationaliteit";;"Persoon";;"TODO";"TODO";;;"true";"http://data.vlaanderen.be/ns/persoon#";"nationaliteit";"http://www.w3.org/1999/02/22-rdf-syntax-ns#Property";"http://data.vlaanderen.be/ns/persoon#Persoon";;;1;1
"attribute";"OSLO-Persoon";"patroniem";;"Persoon";;"TODO";"TODO";;;"true";"http://data.vlaanderen.be/ns/persoon#";"patroniem";"http://www.w3.org/1999/02/22-rdf-syntax-ns#Property";"http://data.vlaanderen.be/ns/persoon#Persoon";;;1;1
"attribute";"OSLO-Persoon";"plaatsVanOverlijden";;"Persoon";;"TODO";"TODO";;;"true";"http://data.vlaanderen.be/ns/persoon#";"plaatsVanOverlijden";"http://www.w3.org/1999/02/22-rdf-syntax-ns#Property";"http://data.vlaanderen.be/ns/persoon#Persoon";;;1;1
"attribute";"OSLO-Persoon";"volledigeNaam";;"Persoon";;"TODO";"TODO";;;"true";"http://data.vlaanderen.be/ns/persoon#";"volledigeNaam";"http://www.w3.org/1999/02/22-rdf-syntax-ns#Property";"http://data.vlaanderen.be/ns/persoon#Persoon";;;1;1
"attribute";"OSLO-Persoon";"voornaam";;"Persoon";;"TODO";"TODO";;;"true";"http://data.vlaanderen.be/ns/persoon#";"voornaam";"http://www.w3.org/1999/02/22-rdf-syntax-ns#Property";"http://data.vlaanderen.be/ns/persoon#Persoon";;;1;1
"attribute";"OSLO-Adres";"Busnummer";;"Adres";"String";"busnummer";"TODO";;;"true";"http://data.vlaanderen.be/ns/adres#";"Busnummer";"http://www.w3.org/2002/07/owl#DatatypeProperty";"http://data.vlaanderen.be/ns/adres#Adres";"http://www.w3.org/2001/XMLSchema#string";;1;1
"attribute";"OSLO-Adres";"Huisnummer";;"Adres";"String";"huisnummer";"TODO";;;"true";"http://data.vlaanderen.be/ns/adres#";"Huisnummer";"http://www.w3.org/2002/07/owl#DatatypeProperty";"http://data.vlaanderen.be/ns/adres#Adres";"http://www.w3.org/2001/XMLSchema#string";;1;1
"attribute";"OSLO-Adres";"IsNietOfficieel";;"Adres";"Boolean";"is niet officieel";"TODO";;;"true";"http://data.vlaanderen.be/ns/adres#";"IsNietOfficieel";"http://www.w3.org/2002/07/owl#DatatypeProperty";"http://data.vlaanderen.be/ns/adres#Adres";"http://www.w3.org/2001/XMLSchema#boolean";;1;1
"attribute";"OSLO-Adres";"Positie";;"Adres";"GeografischePositie";"positie";"TODO";;;"true";"http://data.vlaanderen.be/ns/adres#";"Positie";"http://www.w3.org/2002/07/owl#ObjectProperty";"http://data.vlaanderen.be/ns/adres#Adres";"http://fixme.com#GeografischePositie";;1;1
"attribute";"OSLO-Adres";"Status";;"Adres";"AdresStatus";"status";"TODO";;;"true";"http://data.vlaanderen.be/ns/adres#";"Status";"http://www.w3.org/2002/07/owl#ObjectProperty";"http://data.vlaanderen.be/ns/adres#Adres";"http://data.vlaanderen.be/ns/adres#AdresStatus";;1;1
"attribute";"OSLO-Organisatie";"vestigingsAdres";;"Vestiging";"ContactInfo";"Vestigingsadres";"Adres vd Vestiging.";"Kan email, telefoon en ook adres zijn (in welk geval ook niet-fysieke adressen mogelijk zijn).";;"true";"https://www.w3.org/ns/org#";"siteAddress";"http://www.w3.org/2002/07/owl#ObjectProperty";"https://www.w3.org/ns/org#Site";"https://schema.org/ContactPoint";;0;1
"attribute";"OSLO-Organisatie";"lidVanTot";;"Lidmaatschap";;"Lid Van Tot";"Periode waarin de Agent lid was vd Organisatie.";;;"true";"https://www.w3.org/ns/org#";"memberDuring";"http://www.w3.org/1999/02/22-rdf-syntax-ns#Property";"https://www.w3.org/ns/org#Membership";;;0;1
"attribute";"OSLO-Organisatie";"rol";;"Lidmaatschap";"Rol";"Rol";"Rol die de Agent vervult als lid van de Organisatie.";;;"true";"https://www.w3.org/ns/org#";"role";"http://www.w3.org/2002/07/owl#ObjectProperty";"https://www.w3.org/ns/org#Membership";"https://www.w3.org/TR/vocab-org/#org:Role";;1;1
"attribute";"OSLO-Organisatie";"alternatieveNaam";;"Organisatie";"String";"Alternatieve Naam";"Andere naam waaronder de organisatie bekend is.";"Bv commerciële naam, informele naam";;"true";"http://www.w3.org/2004/02/skos/core#";"altLabel";"http://www.w3.org/2002/07/owl#DatatypeProperty";"https://www.w3.org/ns/org#Organization";"http://www.w3.org/2001/XMLSchema#string";;0;"*"
"attribute";"OSLO-Organisatie";"classificatie";;"Organisatie";"OrganisatieClassificatie";"Classificatie";"Rangschikking van de Organisatie in een classificatiesysteem.";;;"true";"https://www.w3.org/ns/org#";"classification";"http://www.w3.org/2002/07/owl#ObjectProperty";"https://www.w3.org/ns/org#Organization";"http://www.w3.org/2004/02/skos/core#Concept";;0;1
"attribute";"OSLO-Organisatie";"code";;"Organisatie";"String";"Code";"Code waarmee de Organisatie kan worden aangeduid;";;;"true";"http://www.w3.org/2004/02/skos/core#";"notation";"http://www.w3.org/2002/07/owl#DatatypeProperty";"https://www.w3.org/ns/org#Organization";"http://www.w3.org/2001/XMLSchema#string";;0;"*"
"attribute";"OSLO-Organisatie";"doel";;"Organisatie";"String";"Bestaanreden vd Organisatie.";"Bestaanreden vd Organisatie.";;;"true";"https://www.w3.org/ns/org#";"purpose";"http://www.w3.org/2002/07/owl#DatatypeProperty";"https://www.w3.org/ns/org#Organization";"http://www.w3.org/2001/XMLSchema#string";;0;"*"
"attribute";"OSLO-Organisatie";"isTeBereikenOp";;"Organisatie";"ContactInfo";"Is Te Bereiken Op";"Informatie zoals email, telefoon die toelaat de Organisatie te contacteren.
";;;"false";"http://data.vlaanderen.be/ns/";"organisatieisTeBereikenOp";"http://www.w3.org/2002/07/owl#ObjectProperty";"https://www.w3.org/ns/org#Organization";"https://schema.org/ContactPoint";;0;1
"attribute";"OSLO-Organisatie";"voorkeursNaam";;"Organisatie";"String";"Voorkeursnaam";"Naam waarmee de Organisatie bij voorkeur wordt aangeduid.";;;"true";"http://www.w3.org/2004/02/skos/core#";"prefLabel";"http://www.w3.org/2002/07/owl#DatatypeProperty";"https://www.w3.org/ns/org#Organization";"http://www.w3.org/2001/XMLSchema#string";;1;1
